_id,name,email,password,role,checkreset,modules
6610e32fe10537e70a8169c8,Jennee Dunican,jdunican0@scribd.com,yJ7(%<kS2\,Employee,false,"[""6610e8eee10537e770365f95"",""6610e8eee10537e7c285591e"",""6610e8eee10537e7c5210138"",""6610e8eee10537e83cb671de"",""6610e8eee10537e7916b9f41""]"
6610e32fe10537e70a8169c9,Toddie Huston,thuston1@pen.io,vE2!>Ywc$Z,Employee,false,[]
6610e32fe10537e70a8169ca,Augusto Adanet,aadanet2@instagram.com,xZ2@G_JA4$,Intern,true,"[""6610e8eee10537e83e6ca272"",""6610e8eee10537e71b41a7f1"",""6610e8eee10537e8928bbcf1""]"
6610e32fe10537e70a8169cb,Adara Carpenter,acarpenter3@smugmug.com,pZ5@VWpw8zlz>BWY,Employee,true,"[""6610e8eee10537e8b1b75d77"",""6610e8eee10537e85f4fe21b""]"
6610e32fe10537e70a8169cc,Bink Cluatt,bcluatt4@printfriendly.com,hJ9&rl`a!w07vh*2,Intern,false,"[""6610e8eee10537e841ea2b49"",""6610e8eee10537e8a3bceef4"",""6610e8eee10537e8c57ab14f"",""6610e8eee10537e6c405f5c5""]"
6610e32fe10537e70a8169cd,Farand Ramstead,framstead5@woothemes.com,oD4)5HNw<5sOXX,Employee,true,"[""6610e8eee10537e70a8169f0"",""6610e8eee10537e83cb671de""]"
6610e32fe10537e70a8169ce,Nevins Lodovichi,nlodovichi6@bbc.co.uk,qI6?>RFWIH2/TW,Employee,true,"[""6610e8eee10537e70a8169f0"",""6610e8eee10537e770365f95""]"
6610e32fe10537e70a8169cf,Berne Rawdales,brawdales7@cisco.com,jU4\UTuJ1?w,Intern,false,"[""6610e8eee10537e8a3bceef4"",""6610e8eee10537e8928bbcf1"",""6610e8eee10537e71b41a7f1""]"
6610e32fe10537e70a8169d0,Flem Gare,fgare8@barnesandnoble.com,"pA7"")cNE(.I",Intern,false,"[""6610e8eee10537e7916b9f41"",""6610e8eee10537e7c5210138"",""6610e8eee10537e7c285591e"",""6610e8eee10537e6c405f5c5""]"
6610e32fe10537e85f4fe1f3,Costa Kolodziej,ckolodziej9@printfriendly.com,rQ3/|()fjCi=,Employee,false,"[""6610e8eee10537e83cb671de"",""6610e8eee10537e6c405f5c5"",""6610e8eee10537e8928bbcf1""]"
6610e32fe10537e85f4fe1f4,Petrina Bircher,pbirchera@symantec.com,nM4<<S.sXp,Intern,true,"[""6610e8eee10537e8b1b75d77"",""6610e8eee10537e83e6ca272""]"
6610e32fe10537e85f4fe1f5,Hollyanne D'Hooghe,hdhoogheb@state.tx.us,"mU9)x|,(+|8",Employee,true,"[""6610e8eee10537e841ea2b49"",""6610e8eee10537e770365f95"",""6610e8eee10537e7c5210138"",""6610e8eee10537e8a3bceef4"",""6610e8eee10537e8c57ab14f""]"
6610e32fe10537e85f4fe1f6,Earle Calan,ecalanc@nationalgeographic.com,qA7|J/ZT\Inoo,Intern,true,[]
6610e32fe10537e85f4fe1f7,Tulley Simoncello,tsimoncellod@weather.com,"jQ9,&!9B1NVK6",Intern,false,"[""6610e8eee10537e71b41a7f1"",""6610e8eee10537e7916b9f41""]"
6610e32fe10537e85f4fe1f8,Koralle Philott,kphilotte@icq.com,tW7(.4RVCjPob,Employee,false,[]
6610e32fe10537e85f4fe1f9,Patrizio Phalp,pphalpf@yelp.com,bQ1*H'L$!F,Intern,false,"[""6610e8eee10537e7c285591e"",""6610e8eee10537e85f4fe21b"",""6610e8eee10537e70a8169f0"",""6610e8eee10537e83cb671de""]"
6610e32fe10537e85f4fe1fa,Cornall Basil,cbasilg@umich.edu,cS4#Wzo.R<Ff#I+Q,Intern,true,"[""6610e8eee10537e8928bbcf1""]"
6610e32fe10537e85f4fe1fb,Olwen Lashmore,olashmoreh@bing.com,"uK0""nS+u.owKVi",Intern,false,"[""6610e8eee10537e70a8169f0"",""6610e8eee10537e85f4fe21b"",""6610e8eee10537e770365f95"",""6610e8eee10537e8b1b75d77""]"
6610e32fe10537e7916b9f19,Prue Cruxton,pcruxtoni@dagondesign.com,xO8}Tz$Ko(Ar5}v,Intern,false,"[""6610e8eee10537e83cb671de"",""6610e8eee10537e770365f95"",""6610e8eee10537e71b41a7f1"",""6610e8eee10537e8928bbcf1"",""6610e8eee10537e8c57ab14f""]"
6610e32fe10537e7916b9f1a,Bucky Napper,bnapperj@google.com.au,aR8?#Hs}>j,Intern,false,"[""6610e8eee10537e7c285591e"",""6610e8eee10537e6c405f5c5""]"
6610e32fe10537e7916b9f1b,Bern Gillam,bgillamk@instagram.com,gI6=zNP|?iF?%A,Intern,false,"[""6610e8eee10537e841ea2b49"",""6610e8eee10537e70a8169f0"",""6610e8eee10537e8b1b75d77"",""6610e8eee10537e85f4fe21b""]"
6610e32fe10537e7916b9f1c,Zacharias Lockitt,zlockittl@statcounter.com,bN6/DcQbuFtbZr,Employee,false,"[""6610e8eee10537e7916b9f41"",""6610e8eee10537e7c5210138"",""6610e8eee10537e8a3bceef4""]"
6610e32fe10537e7916b9f1d,Bari Kirman,bkirmanm@kickstarter.com,"wF6+@8HZqM,#>1",Employee,true,[]
6610e32fe10537e7916b9f1e,Garrick Chadband,gchadbandn@feedburner.com,sL3+699Qsg,Employee,false,"[""6610e8eee10537e83e6ca272"",""6610e8eee10537e8b1b75d77""]"
6610e32fe10537e7916b9f1f,Rowney Kilshall,rkilshallo@theguardian.com,"zQ2+9""mi0E8WD%C",Employee,true,"[""6610e8eee10537e71b41a7f1""]"
6610e32fe10537e7916b9f20,Mirella Wayland,mwaylandp@state.tx.us,nG1~QfC\bkgvRJT,Employee,false,[]
6610e32fe10537e7916b9f21,Shandy Grzelewski,sgrzelewskiq@intel.com,"jB7+iMWTt,",Intern,false,"[""6610e8eee10537e8a3bceef4"",""6610e8eee10537e85f4fe21b"",""6610e8eee10537e7c285591e"",""6610e8eee10537e7916b9f41"",""6610e8eee10537e6c405f5c5""]"
6610e32fe10537e8c57ab127,Brittany Koop,bkoopr@goodreads.com,fX0\*IB!Waj,Intern,false,"[""6610e8eee10537e8928bbcf1"",""6610e8eee10537e841ea2b49"",""6610e8eee10537e7c285591e"",""6610e8eee10537e7c5210138"",""6610e8eee10537e770365f95""]"
6610e32fe10537e8c57ab128,Pearline Benediktsson,pbenediktssons@trellian.com,pI7=I&_I,Intern,true,"[""6610e8eee10537e8b1b75d77"",""6610e8eee10537e83cb671de"",""6610e8eee10537e71b41a7f1"",""6610e8eee10537e83e6ca272"",""6610e8eee10537e7916b9f41""]"
6610e32fe10537e8c57ab129,Barron Scones,bsconest@vinaora.com,"yN9{&I(+=N"")",Intern,true,"[""6610e8eee10537e8c57ab14f"",""6610e8eee10537e85f4fe21b""]"
6610e32fe10537e8c57ab12a,Cristobal Bedenham,cbedenhamu@loc.gov,hH7>P'n&7E?Lu,Employee,false,"[""6610e8eee10537e70a8169f0""]"
6610e32fe10537e8c57ab12b,Bobbye Jeandillou,bjeandillouv@deviantart.com,gE4~qk>K,Intern,false,"[""6610e8eee10537e8a3bceef4"",""6610e8eee10537e6c405f5c5"",""6610e8eee10537e6c405f5c5"",""6610e8eee10537e8a3bceef4"",""6610e8eee10537e770365f95""]"
6610e32fe10537e8c57ab12c,Moises Isard,misardw@ebay.co.uk,yD5'$!?x43W,Employee,false,"[""6610e8eee10537e7c285591e"",""6610e8eee10537e71b41a7f1"",""6610e8eee10537e85f4fe21b"",""6610e8eee10537e8928bbcf1"",""6610e8eee10537e70a8169f0""]"
6610e32fe10537e8c57ab12d,Desmond Cohani,dcohanix@parallels.com,qC6*xkHtaT,Employee,true,"[""6610e8eee10537e8b1b75d77"",""6610e8eee10537e841ea2b49"",""6610e8eee10537e7c5210138"",""6610e8eee10537e83cb671de""]"
6610e32fe10537e8c57ab12e,Polly Stubbings,pstubbingsy@topsy.com,gQ1`B2FY,Intern,true,"[""6610e8eee10537e8c57ab14f""]"
6610e32fe10537e8c57ab12f,Valentia Mannock,vmannockz@last.fm,fF1?WbP*m9o,Employee,false,"[""6610e8eee10537e7916b9f41""]"
6610e32fe10537e83cb671b6,Sheila Coldham,scoldham10@patch.com,kS8{d{(4fa_LmFA,Intern,true,"[""6610e8eee10537e85f4fe21b"",""6610e8eee10537e83e6ca272"",""6610e8eee10537e71b41a7f1"",""6610e8eee10537e8a3bceef4"",""6610e8eee10537e770365f95""]"
6610e32fe10537e83cb671b7,Loren Ovise,lovise11@booking.com,kW9.=dJCk@C4,Intern,false,[]
6610e32fe10537e83cb671b8,Filberto Maine,fmaine12@discovery.com,"yZ4=s%1%OC,",Intern,false,"[""6610e8eee10537e8928bbcf1"",""6610e8eee10537e841ea2b49"",""6610e8eee10537e7c285591e"",""6610e8eee10537e70a8169f0""]"
6610e32fe10537e83cb671b9,Jacquette Storry,jstorry13@rambler.ru,aD1@2o+{PDV,Employee,true,"[""6610e8eee10537e83cb671de"",""6610e8eee10537e7916b9f41""]"
6610e32fe10537e83cb671ba,Rowan Beavington,rbeavington14@freewebs.com,"wM8,Pirh",Intern,false,[]
6610e32fe10537e83cb671bb,Esme Jarrelt,ejarrelt15@tinypic.com,uV9#_HH+d14dy,Employee,false,"[""6610e8eee10537e8c57ab14f"",""6610e8eee10537e7c5210138"",""6610e8eee10537e8b1b75d77"",""6610e8eee10537e6c405f5c5""]"
6610e32fe10537e83cb671bc,Innis Barbera,ibarbera16@mapy.cz,fK9`3KRn,Employee,true,"[""6610e8eee10537e8a3bceef4"",""6610e8eee10537e8c57ab14f"",""6610e8eee10537e770365f95"",""6610e8eee10537e83e6ca272"",""6610e8eee10537e83cb671de""]"
6610e32fe10537e83cb671bd,Mercie Combe,mcombe17@cnbc.com,wN1?GHMQ{A,Employee,false,"[""6610e8eee10537e8b1b75d77""]"
6610e32fe10537e83cb671be,Raynell Canceller,rcanceller18@123-reg.co.uk,"uG9""%~nCnkHI{4",Employee,false,"[""6610e8eee10537e7c285591e"",""6610e8eee10537e841ea2b49"",""6610e8eee10537e6c405f5c5"",""6610e8eee10537e71b41a7f1"",""6610e8eee10537e7c5210138""]"
6610e32fe10537e83e6ca24a,Codie Foan,cfoan19@fc2.com,yH7/TwQ'f|g?rO,Employee,false,"[""6610e8eee10537e8a3bceef4""]"
6610e32fe10537e83e6ca24b,Georges Karby,gkarby1a@webmd.com,wD8_}EC/CwE9lJ,Intern,true,"[""6610e8eee10537e83e6ca272"",""6610e8eee10537e7c5210138""]"
6610e32fe10537e83e6ca24c,Marika Dore,mdore1b@trellian.com,wP2~uV\&l,Employee,true,"[""6610e8eee10537e7c285591e"",""6610e8eee10537e70a8169f0"",""6610e8eee10537e770365f95""]"
6610e32fe10537e83e6ca24d,Hanny Ferrar,hferrar1c@imgur.com,lB0(83@Cy,Employee,true,[]
6610e32fe10537e83e6ca24e,Preston Lambertini,plambertini1d@bing.com,qP5@(418v$lt!(p\,Intern,true,"[""6610e8eee10537e71b41a7f1""]"
6610e32fe10537e83e6ca24f,Baldwin Berzons,bberzons1e@4shared.com,iH1#km\7ED=P,Intern,false,[]
6610e32fe10537e83e6ca250,Harri Ferriere,hferriere1f@reddit.com,dC3`+TOxNM7xnV,Intern,true,"[""6610e8eee10537e8b1b75d77"",""6610e8eee10537e85f4fe21b""]"
6610e32fe10537e83e6ca251,Elijah Goldis,egoldis1g@cmu.edu,pP3.d\W!%6,Intern,true,"[""6610e8eee10537e7916b9f41"",""6610e8eee10537e83cb671de""]"
6610e32fe10537e83e6ca252,Randall Bozier,rbozier1h@github.io,"yQ9$|+N""2x*xreu",Employee,false,"[""6610e8eee10537e8c57ab14f"",""6610e8eee10537e6c405f5c5"",""6610e8eee10537e8928bbcf1"",""6610e8eee10537e841ea2b49""]"
6610e32fe10537e8928bbcc9,Etti Kahane,ekahane1i@marriott.com,cD0<'T=HXx_,Intern,false,"[""6610e8eee10537e8c57ab14f""]"
6610e32fe10537e8928bbcca,Iolanthe Pevie,ipevie1j@nhs.uk,sR2.b0@gnilj0,Intern,true,[]
6610e32fe10537e8928bbccb,Simona Janda,sjanda1k@japanpost.jp,uE5#4|X0yIRv,Employee,false,"[""6610e8eee10537e841ea2b49"",""6610e8eee10537e8a3bceef4"",""6610e8eee10537e6c405f5c5""]"
6610e32fe10537e8928bbccc,Reilly Charlo,rcharlo1l@omniture.com,tS8_*Q3o5\'!I&),Intern,false,"[""6610e8eee10537e7c285591e"",""6610e8eee10537e85f4fe21b"",""6610e8eee10537e7916b9f41"",""6610e8eee10537e7c5210138""]"
6610e32fe10537e8928bbccd,Axe Screech,ascreech1m@icio.us,lF8$Oj%6>NkGJ2kq,Intern,false,"[""6610e8eee10537e83e6ca272""]"
6610e32fe10537e8928bbcce,Cecilla Scriven,cscriven1n@cbslocal.com,kO6)l%OFl/J,Employee,true,"[""6610e8eee10537e70a8169f0"",""6610e8eee10537e8b1b75d77"",""6610e8eee10537e71b41a7f1"",""6610e8eee10537e83cb671de"",""6610e8eee10537e8928bbcf1""]"
6610e32fe10537e8928bbccf,Werner Doddemeade,wdoddemeade1o@cbsnews.com,bL3`1\!E,Employee,true,"[""6610e8eee10537e770365f95"",""6610e8eee10537e8a3bceef4"",""6610e8eee10537e85f4fe21b""]"
6610e32fe10537e8928bbcd0,Paule Fishbie,pfishbie1p@sogou.com,fG8_pReKPiw47U1,Employee,true,[]
6610e32fe10537e8928bbcd1,Boyce Minci,bminci1q@buzzfeed.com,"hB8""sPF|rznRR""m",Employee,false,"[""6610e8eee10537e70a8169f0"",""6610e8eee10537e83cb671de"",""6610e8eee10537e8928bbcf1""]"
6610e32fe10537e7c5210110,Dionysus Brewitt,dbrewitt1r@nymag.com,sO3%hI$R5r_K0,Intern,true,[]
6610e32fe10537e7c5210111,Odie Gridon,ogridon1s@google.cn,aL2##vH{FuKy,Intern,true,"[""6610e8eee10537e7916b9f41""]"
6610e32fe10537e7c5210112,Manolo Doodney,mdoodney1t@economist.com,lZ0~(xJSH\7'3,Employee,true,"[""6610e8eee10537e70a8169f0"",""6610e8eee10537e6c405f5c5"",""6610e8eee10537e8c57ab14f""]"
6610e32fe10537e7c5210113,Krisha Lutsch,klutsch1u@rediff.com,kG1|rh*qL}4?_V,Intern,true,"[""6610e8eee10537e8928bbcf1""]"
6610e32fe10537e7c5210114,Leilah Marielle,lmarielle1v@go.com,"qQ4,dM3H7fmv2Xu",Intern,false,"[""6610e8eee10537e85f4fe21b""]"
6610e32fe10537e7c5210115,Effie Figliovanni,efigliovanni1w@pcworld.com,eN9%dlIG/(_z>,Intern,false,"[""6610e8eee10537e841ea2b49"",""6610e8eee10537e770365f95""]"
6610e32fe10537e7c5210116,Carolyne Venart,cvenart1x@a8.net,pB9.G_7u*Szs{|C,Intern,true,"[""6610e8eee10537e7c285591e""]"
6610e32fe10537e7c5210117,Cheryl Habble,chabble1y@google.com.au,mI6?`6tNr,Employee,false,"[""6610e8eee10537e8b1b75d77"",""6610e8eee10537e83cb671de"",""6610e8eee10537e8a3bceef4"",""6610e8eee10537e83e6ca272""]"
6610e32fe10537e7c5210118,Shirley Breen,sbreen1z@posterous.com,pK6.>2KtYx/d,Intern,false,"[""6610e8eee10537e71b41a7f1"",""6610e8eee10537e7c5210138""]"
6610e32fe10537e71b41a7c9,Karalee Blackboro,kblackboro20@ezinearticles.com,rD6.B2RTZ,Intern,false,"[""6610e8eee10537e71b41a7f1"",""6610e8eee10537e6c405f5c5""]"
6610e32fe10537e71b41a7ca,Marlena Deacock,mdeacock21@blogtalkradio.com,wH8'v$$(,Intern,true,"[""6610e8eee10537e8b1b75d77""]"
6610e32fe10537e71b41a7cb,Kristy Baldetti,kbaldetti22@nature.com,lX2&msM3dYUt}Z,Employee,false,"[""6610e8eee10537e841ea2b49""]"
6610e32fe10537e71b41a7cc,Marcello Fuente,mfuente23@ucoz.ru,lJ2=jtkYQze\',Intern,false,"[""6610e8eee10537e770365f95"",""6610e8eee10537e83cb671de"",""6610e8eee10537e7c285591e"",""6610e8eee10537e8a3bceef4""]"
6610e32fe10537e71b41a7cd,Haley Cleen,hcleen24@home.pl,dG6)B}.qO,Employee,false,[]
6610e32fe10537e71b41a7ce,Sosanna Sibley,ssibley25@washington.edu,sS6*(o`gr0jdK,Employee,false,"[""6610e8eee10537e7916b9f41"",""6610e8eee10537e8928bbcf1"",""6610e8eee10537e70a8169f0""]"
6610e32fe10537e71b41a7cf,Stanislas Le land,sle26@desdev.cn,nE1%eAsFC4Lr2,Intern,false,"[""6610e8eee10537e83e6ca272"",""6610e8eee10537e85f4fe21b"",""6610e8eee10537e7c5210138""]"
6610e32fe10537e71b41a7d0,Fionnula Sergeant,fsergeant27@mashable.com,vY7<}&vGH>T!,Employee,false,"[""6610e8eee10537e8c57ab14f"",""6610e8eee10537e85f4fe21b"",""6610e8eee10537e8a3bceef4"",""6610e8eee10537e7916b9f41""]"
6610e32fe10537e71b41a7d1,Moss Seymour,mseymour28@answers.com,xI0%x6Gp+@?4H,Intern,true,"[""6610e8eee10537e83cb671de"",""6610e8eee10537e6c405f5c5""]"
6610e32fe10537e8a3bceecc,Harley Stoney,hstoney29@seesaa.net,"yL8\vN""cGz*\",Employee,true,"[""6610e8eee10537e70a8169f0""]"
6610e32fe10537e8a3bceecd,Jobie Stapley,jstapley2a@cisco.com,mC2@#mCm,Intern,false,"[""6610e8eee10537e83cb671de"",""6610e8eee10537e8a3bceef4"",""6610e8eee10537e85f4fe21b""]"
6610e32fe10537e8a3bceece,Peadar Ragborne,pragborne2b@yandex.ru,nM8=Y76SgH\,Intern,true,"[""6610e8eee10537e7c5210138""]"
6610e32fe10537e8a3bceecf,Liva Yurin,lyurin2c@msu.edu,dW8{P0s@P}a,Intern,true,"[""6610e8eee10537e7c285591e"",""6610e8eee10537e8928bbcf1"",""6610e8eee10537e770365f95"",""6610e8eee10537e8b1b75d77"",""6610e8eee10537e6c405f5c5""]"
6610e32fe10537e8a3bceed0,Erny MacCafferky,emaccafferky2d@sohu.com,iZ1}8SIMaXH,Intern,false,"[""6610e8eee10537e8c57ab14f"",""6610e8eee10537e841ea2b49"",""6610e8eee10537e7916b9f41"",""6610e8eee10537e71b41a7f1""]"
6610e32fe10537e8a3bceed1,Kaitlin Rippon,krippon2e@facebook.com,vP0$r*T),Employee,true,"[""6610e8eee10537e83e6ca272"",""6610e8eee10537e85f4fe21b"",""6610e8eee10537e770365f95""]"
6610e32fe10537e8a3bceed2,Kylie Gowanlock,kgowanlock2f@i2i.jp,hG6'm4JJey2S,Intern,true,"[""6610e8eee10537e70a8169f0"",""6610e8eee10537e8928bbcf1"",""6610e8eee10537e71b41a7f1""]"
6610e32fe10537e8a3bceed3,Zebulon Devereux,zdevereux2g@cbsnews.com,nP5=uW9A,Employee,false,"[""6610e8eee10537e83e6ca272""]"
6610e32fe10537e8a3bceed4,Alva Curwood,acurwood2h@amazon.de,fF1!JvM!kmFLQkR,Intern,true,"[""6610e8eee10537e7c285591e""]"
6610e32fe10537e8b1b75d4f,Odelle Benit,obenit2i@example.com,nA3~W+'%/\,Employee,true,"[""6610e8eee10537e71b41a7f1"",""6610e8eee10537e8b1b75d77"",""6610e8eee10537e7c5210138""]"
6610e32fe10537e8b1b75d50,Ichabod Linkleter,ilinkleter2j@ustream.tv,jC5{KAYM$Wk?Dj}3,Employee,false,"[""6610e8eee10537e83e6ca272""]"
6610e32fe10537e8b1b75d51,Loni Cooney,lcooney2k@goodreads.com,pO4|6SDJ,Employee,true,"[""6610e8eee10537e8c57ab14f"",""6610e8eee10537e8a3bceef4"",""6610e8eee10537e85f4fe21b"",""6610e8eee10537e770365f95"",""6610e8eee10537e7916b9f41""]"
6610e32fe10537e8b1b75d52,Nonnah Golsworthy,ngolsworthy2l@edublogs.org,yE0|AP\*!,Intern,true,"[""6610e8eee10537e6c405f5c5""]"
6610e32fe10537e8b1b75d53,Sansone Crawshaw,scrawshaw2m@japanpost.jp,zV8|qpUK|f71,Intern,false,"[""6610e8eee10537e8928bbcf1"",""6610e8eee10537e70a8169f0""]"
6610e32fe10537e8b1b75d54,Gabbi Kattenhorn,gkattenhorn2n@nature.com,"fC6+hjZYKuU,",Employee,false,"[""6610e8eee10537e7c285591e"",""6610e8eee10537e83cb671de"",""6610e8eee10537e841ea2b49"",""6610e8eee10537e7c5210138"",""6610e8eee10537e83cb671de""]"
6610e32fe10537e8b1b75d55,Jehu Toor,jtoor2o@nba.com,"tR4""MQ2BH'%Z@so_",Intern,false,"[""6610e8eee10537e7916b9f41"",""6610e8eee10537e85f4fe21b"",""6610e8eee10537e841ea2b49"",""6610e8eee10537e70a8169f0""]"
6610e32fe10537e8b1b75d56,Adena Audas,aaudas2p@freewebs.com,"lD9{,ECGIY5",Intern,true,"[""6610e8eee10537e8a3bceef4"",""6610e8eee10537e83e6ca272"",""6610e8eee10537e7c285591e"",""6610e8eee10537e8928bbcf1""]"
6610e32fe10537e8b1b75d57,Georas Farndale,gfarndale2q@printfriendly.com,rK1_DmiY)v}cFe{,Employee,false,"[""6610e8eee10537e770365f95"",""6610e8eee10537e6c405f5c5"",""6610e8eee10537e8b1b75d77""]"
6610e32fe10537e6c405f59d,Derby Delamar,ddelamar2r@ning.com,xJ3.q#|)NF2W_P1,Intern,false,"[""6610e8eee10537e7c5210138"",""6610e8eee10537e70a8169f0"",""6610e8eee10537e71b41a7f1"",""6610e8eee10537e841ea2b49""]"
6610e32fe10537e6c405f59e,Nicholas Copson,ncopson2s@sakura.ne.jp,"lY6""&f'sPi",Intern,true,"[""6610e8eee10537e8c57ab14f"",""6610e8eee10537e83e6ca272""]"
6610e32fe10537e6c405f59f,Bren Brady,bbrady2t@cnet.com,"hK6/,qxh",Intern,false,"[""6610e8eee10537e6c405f5c5""]"
6610e32fe10537e6c405f5a0,Kathi Fawthrop,kfawthrop2u@ebay.co.uk,wG2_YExsR,Intern,false,"[""6610e8eee10537e8b1b75d77""]"
6610e32fe10537e6c405f5a1,Karlis Nerheny,knerheny2v@ibm.com,iQ8?P'rKo?@uJEuI,Employee,false,"[""6610e8eee10537e85f4fe21b"",""6610e8eee10537e83cb671de"",""6610e8eee10537e7916b9f41""]"
6610e32fe10537e6c405f5a2,Isador Bridgwood,ibridgwood2w@gov.uk,nI3?FL6FFy,Employee,false,"[""6610e8eee10537e7c285591e"",""6610e8eee10537e770365f95"",""6610e8eee10537e8a3bceef4"",""6610e8eee10537e8928bbcf1"",""6610e8eee10537e71b41a7f1""]"
6610e32fe10537e6c405f5a3,Sybila Shovelbottom,sshovelbottom2x@cloudflare.com,cN6$tlv&~,Intern,false,"[""6610e8eee10537e7c5210138"",""6610e8eee10537e8928bbcf1"",""6610e8eee10537e8c57ab14f""]"
6610e32fe10537e6c405f5a4,Violetta Pouton,vpouton2y@hubpages.com,dH0`A@NSveu@,Intern,false,"[""6610e8eee10537e8b1b75d77"",""6610e8eee10537e7c285591e"",""6610e8eee10537e8a3bceef4"",""6610e8eee10537e770365f95"",""6610e8eee10537e70a8169f0""]"
6610e32fe10537e6c405f5a5,Alla Cohane,acohane2z@discuz.net,tN2!35FW|KHG,Employee,false,"[""6610e8eee10537e85f4fe21b"",""6610e8eee10537e6c405f5c5"",""6610e8eee10537e83cb671de"",""6610e8eee10537e7916b9f41"",""6610e8eee10537e83e6ca272""]"
6610e32fe10537e770365f6d,Lionello Kusick,lkusick30@cam.ac.uk,sM2%ymwX,Intern,true,"[""6610e8eee10537e6c405f5c5"",""6610e8eee10537e8928bbcf1"",""6610e8eee10537e7916b9f41"",""6610e8eee10537e7c285591e"",""6610e8eee10537e83cb671de""]"
6610e32fe10537e770365f6e,Red Gavahan,rgavahan31@discuz.net,"dR0)V8_y""7I`U",Intern,false,"[""6610e8eee10537e70a8169f0"",""6610e8eee10537e7c5210138"",""6610e8eee10537e71b41a7f1"",""6610e8eee10537e841ea2b49""]"
6610e32fe10537e770365f6f,Latia Redmire,lredmire32@gnu.org,bH6#/ToH'SP)K,Employee,false,"[""6610e8eee10537e8c57ab14f"",""6610e8eee10537e8a3bceef4"",""6610e8eee10537e85f4fe21b"",""6610e8eee10537e83e6ca272""]"
6610e32fe10537e770365f70,Byron Blazewski,bblazewski33@g.co,kU1=}U{mk~,Employee,false,"[""6610e8eee10537e770365f95"",""6610e8eee10537e8b1b75d77"",""6610e8eee10537e71b41a7f1"",""6610e8eee10537e7c285591e""]"
6610e32fe10537e770365f71,Calhoun Olczyk,colczyk34@discuz.net,sD4`oZXK86$SrP'C,Intern,true,"[""6610e8eee10537e6c405f5c5"",""6610e8eee10537e85f4fe21b""]"
6610e32fe10537e770365f72,Elbertina Roeby,eroeby35@woothemes.com,"lV8%9&/2O8,'o(",Intern,false,"[""6610e8eee10537e8a3bceef4"",""6610e8eee10537e8b1b75d77""]"
6610e32fe10537e770365f73,Chad Kiss,ckiss36@fc2.com,"xE8*,KUW%@OCdKG",Intern,true,[]
6610e32fe10537e770365f74,Lindi Najara,lnajara37@microsoft.com,"vW9~""xzPoX@a",Intern,false,"[""6610e8eee10537e83cb671de"",""6610e8eee10537e8c57ab14f""]"
6610e32fe10537e770365f75,Genny Beynke,gbeynke38@icio.us,rV4?FF#A/@#Kf,Employee,true,"[""6610e8eee10537e7c5210138"",""6610e8eee10537e8928bbcf1"",""6610e8eee10537e70a8169f0"",""6610e8eee10537e7916b9f41""]"
6610e32fe10537e7c28558f6,Sigrid Beri,sberi39@facebook.com,bI3#=v(b,Intern,false,"[""6610e8eee10537e7c285591e"",""6610e8eee10537e8928bbcf1""]"
6610e32fe10537e7c28558f7,Ellswerth Duncombe,eduncombe3a@weebly.com,wE3}u?6M,Employee,false,"[""6610e8eee10537e85f4fe21b"",""6610e8eee10537e7c5210138"",""6610e8eee10537e71b41a7f1"",""6610e8eee10537e8a3bceef4"",""6610e8eee10537e6c405f5c5""]"
6610e32fe10537e7c28558f8,Rania Wookey,rwookey3b@foxnews.com,mH0$M~hDqG,Employee,false,"[""6610e8eee10537e770365f95"",""6610e8eee10537e83e6ca272"",""6610e8eee10537e841ea2b49"",""6610e8eee10537e7916b9f41"",""6610e8eee10537e83cb671de""]"
6610e32fe10537e7c28558f9,Truman Folbig,tfolbig3c@ox.ac.uk,gE7>BFM{@4>e|,Employee,false,"[""6610e8eee10537e70a8169f0"",""6610e8eee10537e8c57ab14f""]"
6610e32fe10537e7c28558fa,Isador Ibbott,iibbott3d@toplist.cz,mE9?20+Qo>,Intern,false,"[""6610e8eee10537e8b1b75d77""]"
6610e32fe10537e7c28558fb,Jacquetta Vassie,jvassie3e@about.me,jH8}HE{JQ%Ri2,Employee,false,"[""6610e8eee10537e8c57ab14f"",""6610e8eee10537e85f4fe21b"",""6610e8eee10537e7c5210138"",""6610e8eee10537e71b41a7f1"",""6610e8eee10537e70a8169f0""]"
6610e32fe10537e7c28558fc,Shaina Leyshon,sleyshon3f@guardian.co.uk,tR0~LPkp,Intern,false,"[""6610e8eee10537e8a3bceef4""]"
6610e32fe10537e7c28558fd,Elsbeth Keers,ekeers3g@seesaa.net,"vG7""gyh&gwS",Employee,true,"[""6610e8eee10537e8b1b75d77"",""6610e8eee10537e8928bbcf1""]"
6610e32fe10537e7c28558fe,Barbie Hupe,bhupe3h@123-reg.co.uk,zH4{/\SGV\Ikvt,Intern,false,"[""6610e8eee10537e83cb671de"",""6610e8eee10537e7c285591e"",""6610e8eee10537e770365f95"",""6610e8eee10537e841ea2b49"",""6610e8eee10537e6c405f5c5""]"
6610e32fe10537e841ea2b21,Giulio Skelding,gskelding3i@comsenz.com,gO2$6_n/Zl&euht,Employee,true,"[""6610e8eee10537e7916b9f41"",""6610e8eee10537e6c405f5c5""]"
6610e32fe10537e841ea2b22,Ettore Tilmouth,etilmouth3j@stanford.edu,"wE2""Z(5R9DD*F",Intern,false,"[""6610e8eee10537e70a8169f0""]"
6610e32fe10537e841ea2b23,Karalynn Omand,komand3k@mapquest.com,gR3(r>o*d,Intern,false,"[""6610e8eee10537e8b1b75d77"",""6610e8eee10537e85f4fe21b"",""6610e8eee10537e770365f95""]"
6610e32fe10537e841ea2b24,Alexandre BoHlingolsen,abohlingolsen3l@chicagotribune.com,"jV9.(,|beyKxSEj",Intern,true,"[""6610e8eee10537e83e6ca272""]"
6610e32fe10537e841ea2b25,Ricki Crank,rcrank3m@newsvine.com,dB8(8tDlq,Employee,true,"[""6610e8eee10537e71b41a7f1"",""6610e8eee10537e7c5210138"",""6610e8eee10537e8c57ab14f""]"
6610e32fe10537e841ea2b26,Thekla Peerless,tpeerless3n@arizona.edu,bC0<HRelg,Employee,true,"[""6610e8eee10537e841ea2b49""]"
6610e32fe10537e841ea2b27,Antoine Borth,aborth3o@indiatimes.com,gB3`@RM5,Employee,true,"[""6610e8eee10537e8a3bceef4"",""6610e8eee10537e7c285591e""]"
6610e32fe10537e841ea2b28,Brig Nannini,bnannini3p@tinyurl.com,sG2=TB+Fv,Intern,false,[]
6610e32fe10537e841ea2b29,Reynard Sample,rsample3q@phoca.cz,eT0?B&lEPGJo\Q,Employee,true,"[""6610e8eee10537e83cb671de"",""6610e8eee10537e8928bbcf1"",""6610e8eee10537e70a8169f0""]"
6610e330e10537e7a67f3c08,Doti Scoullar,dscoullar3r@redcross.org,rY0#T`*vsib%CK,Intern,true,[]
6610e330e10537e7a67f3c09,Kristal Godilington,kgodilington3s@uiuc.edu,"fT9""#/ugAH3XH)t",Employee,true,"[""6610e8eee10537e6c405f5c5""]"
6610e330e10537e7a67f3c0a,Stavro Berrycloth,sberrycloth3t@uiuc.edu,tZ2|ah#b,Employee,true,"[""6610e8eee10537e770365f95"",""6610e8eee10537e7c5210138"",""6610e8eee10537e71b41a7f1"",""6610e8eee10537e7916b9f41"",""6610e8eee10537e8b1b75d77""]"
6610e330e10537e7a67f3c0b,Gilberto Sazio,gsazio3u@canalblog.com,aZ7}cxVbE,Intern,true,"[""6610e8eee10537e7c285591e""]"
6610e330e10537e7a67f3c0c,Elia Ankers,eankers3v@usda.gov,dE6'L>6MIe,Intern,false,"[""6610e8eee10537e85f4fe21b"",""6610e8eee10537e83e6ca272""]"
6610e330e10537e7a67f3c0d,Rourke Sagar,rsagar3w@cdc.gov,jC2+UHuzu,Employee,false,"[""6610e8eee10537e8928bbcf1"",""6610e8eee10537e83cb671de"",""6610e8eee10537e841ea2b49""]"
6610e330e10537e7a67f3c0e,Eleanore Elcombe,eelcombe3x@mac.com,oF6`ds+h,Intern,true,"[""6610e8eee10537e8c57ab14f""]"
6610e330e10537e7a67f3c0f,Delmore Shilvock,dshilvock3y@buzzfeed.com,gA4)IYPkKq/tqWX,Employee,true,"[""6610e8eee10537e70a8169f0"",""6610e8eee10537e8a3bceef4""]"
6610e330e10537e7a67f3c10,Garrick Edgeller,gedgeller3z@bigcartel.com,"nY9""OB.*3k",Employee,false,[]
6610e32fe10537e82b6ef4da,Rozina De Minico,rde40@nyu.edu,"rQ2""BI+A""7.Zk",Intern,true,"[""6610e8eee10537e770365f95""]"
6610e32fe10537e82b6ef4db,Sharia Racine,sracine41@dell.com,"wH2%K.qdaz""V?gg",Employee,true,[]
6610e32fe10537e82b6ef4dc,Carlie Airs,cairs42@bravesites.com,iN7~0PL&G$+Gp,Intern,false,"[""6610e8eee10537e7c285591e""]"
6610e32fe10537e82b6ef4dd,Bari Torrans,btorrans43@artisteer.com,"aM0'<nDqW,H",Intern,false,"[""6610e8eee10537e70a8169f0"",""6610e8eee10537e85f4fe21b"",""6610e8eee10537e8b1b75d77"",""6610e8eee10537e83e6ca272"",""6610e8eee10537e8c57ab14f""]"
6610e32fe10537e82b6ef4de,Joshia Grimmer,jgrimmer44@oracle.com,"wC8{AOK9IF9b""",Intern,true,"[""6610e8eee10537e6c405f5c5"",""6610e8eee10537e7c5210138"",""6610e8eee10537e8a3bceef4""]"
6610e32fe10537e82b6ef4df,Guss Tayt,gtayt45@indiegogo.com,"zK3""7fao",Intern,false,[]
6610e32fe10537e82b6ef4e0,Renee Gair,rgair46@imdb.com,fO8%7TNSMt0,Intern,true,"[""6610e8eee10537e8928bbcf1""]"
6610e32fe10537e82b6ef4e1,Reynolds Pavie,rpavie47@over-blog.com,mC9'OBzYgM9',Intern,false,"[""6610e8eee10537e71b41a7f1"",""6610e8eee10537e7916b9f41"",""6610e8eee10537e83cb671de""]"
6610e32fe10537e82b6ef4e2,Lisetta Upfold,lupfold48@paginegialle.it,cT3?v(6MOP0,Employee,true,"[""6610e8eee10537e841ea2b49"",""6610e8eee10537e7c285591e"",""6610e8eee10537e85f4fe21b"",""6610e8eee10537e841ea2b49"",""6610e8eee10537e8c57ab14f""]"
6610e330e10537e80c7b83ec,Aldous Beagen,abeagen49@google.co.jp,jJ4'D*s*E0=LHF8,Intern,true,"[""6610e8eee10537e70a8169f0""]"
6610e330e10537e80c7b83ed,Madison Valentelli,mvalentelli4a@cmu.edu,bW8)Rt2|rU,Intern,true,"[""6610e8eee10537e7c285591e"",""6610e8eee10537e6c405f5c5"",""6610e8eee10537e83cb671de"",""6610e8eee10537e8928bbcf1""]"
6610e330e10537e80c7b83ee,Huntley Bidder,hbidder4b@msn.com,xP6'AobWn,Employee,false,[]
6610e330e10537e80c7b83ef,Konstance Hindge,khindge4c@g.co,jJ2){Sdm,Employee,true,"[""6610e8eee10537e770365f95""]"
6610e330e10537e80c7b83f0,Susanna Feechum,sfeechum4d@tamu.edu,"yU9@7})U""So~83Oc",Employee,true,"[""6610e8eee10537e841ea2b49"",""6610e8eee10537e8b1b75d77"",""6610e8eee10537e7c5210138"",""6610e8eee10537e85f4fe21b""]"
6610e330e10537e80c7b83f1,Tremain Shobbrook,tshobbrook4e@ustream.tv,xQ7(!V3=9B>{,Intern,true,[]
6610e330e10537e80c7b83f2,Emmalee Jewson,ejewson4f@forbes.com,mU1)06mTqXyD,Employee,false,"[""6610e8eee10537e71b41a7f1""]"
6610e330e10537e80c7b83f3,Else Sains,esains4g@feedburner.com,iN0?m2Chzv!p(3<G,Employee,false,"[""6610e8eee10537e8c57ab14f"",""6610e8eee10537e83e6ca272"",""6610e8eee10537e8a3bceef4""]"
6610e330e10537e80c7b83f4,Gregoire Ogle,gogle4h@hubpages.com,pV8~ni4&\,Intern,true,"[""6610e8eee10537e7916b9f41"",""6610e8eee10537e8c57ab14f""]"
6610e330e10537e7b003c49a,Nicholas Fray,nfray4i@symantec.com,sR8*Bo5ug,Employee,false,[]
6610e330e10537e7b003c49b,Jinny Llewhellin,jllewhellin4j@opensource.org,rJ0)*DOz,Intern,true,"[""6610e8eee10537e770365f95"",""6610e8eee10537e8a3bceef4""]"
6610e330e10537e7b003c49c,Dwight Dobrovolny,ddobrovolny4k@timesonline.co.uk,bS0&erfn3!,Intern,true,[]
6610e330e10537e7b003c49d,Fanchon Leeb,fleeb4l@a8.net,qK3{YcT6mw%%79Q,Intern,true,[]
6610e330e10537e7b003c49e,Willi Newport,wnewport4m@dropbox.com,"pO8,y1EL8",Intern,true,"[""6610e8eee10537e70a8169f0""]"
6610e330e10537e7b003c49f,Early Stratton,estratton4n@mediafire.com,"iE5~)Hugh>c@W,z9",Employee,false,[]
6610e330e10537e7b003c4a0,Rossie Yannikov,ryannikov4o@pbs.org,mD0>={V{2jYPY\8,Employee,false,"[""6610e8eee10537e8c57ab14f"",""6610e8eee10537e7c5210138"",""6610e8eee10537e841ea2b49"",""6610e8eee10537e7c285591e"",""6610e8eee10537e83e6ca272""]"
6610e330e10537e7b003c4a1,Allx Greensmith,agreensmith4p@google.ru,xZ8<yP<%Cp3vxRAz,Employee,false,"[""6610e8eee10537e7916b9f41"",""6610e8eee10537e71b41a7f1"",""6610e8eee10537e6c405f5c5""]"
6610e330e10537e7b003c4a2,Bobbie Bond,bbond4q@amazon.de,iR8'mcfT,Employee,false,"[""6610e8eee10537e83cb671de"",""6610e8eee10537e85f4fe21b"",""6610e8eee10537e8b1b75d77""]"
6610e330e10537e875099977,Bentlee Enevold,benevold4r@cdbaby.com,"tT1<h@#""""M*Gb.q",Intern,true,[]
6610e330e10537e875099978,Ryann Dehn,rdehn4s@surveymonkey.com,"lS4!</b{6)@6_""st",Employee,true,"[""6610e8eee10537e7c285591e"",""6610e8eee10537e83cb671de"",""6610e8eee10537e770365f95"",""6610e8eee10537e6c405f5c5"",""6610e8eee10537e8b1b75d77""]"
6610e330e10537e875099979,Darsie Surridge,dsurridge4t@forbes.com,wM4(E5YI,Employee,true,"[""6610e8eee10537e8928bbcf1"",""6610e8eee10537e71b41a7f1""]"
6610e330e10537e87509997a,Minny Castellino,mcastellino4u@craigslist.org,"eM1)""%<<!D1Q",Employee,true,"[""6610e8eee10537e7916b9f41"",""6610e8eee10537e8a3bceef4"",""6610e8eee10537e70a8169f0""]"
6610e330e10537e87509997b,Benita Edgars,bedgars4v@csmonitor.com,cG3)ZJ\kr$6L,Intern,false,"[""6610e8eee10537e841ea2b49"",""6610e8eee10537e83e6ca272"",""6610e8eee10537e85f4fe21b"",""6610e8eee10537e7c5210138""]"
6610e330e10537e87509997c,Ferdy Romanski,fromanski4w@imdb.com,"xH1<S,{g$y.`N",Intern,false,"[""6610e8eee10537e8c57ab14f"",""6610e8eee10537e770365f95""]"
6610e330e10537e87509997d,Nora Braine,nbraine4x@virginia.edu,dM8}~J7u#F,Employee,true,[]
6610e330e10537e87509997e,Alejandro Phipps,aphipps4y@telegraph.co.uk,vK8*P1LBlV2Q,Intern,true,"[""6610e8eee10537e8a3bceef4"",""6610e8eee10537e8c57ab14f"",""6610e8eee10537e83cb671de"",""6610e8eee10537e7c285591e""]"
6610e330e10537e87509997f,Louis Starrs,lstarrs4z@bigcartel.com,"eO5>""pSh*%mTzi7l",Intern,false,"[""6610e8eee10537e8928bbcf1""]"
6610e330e10537e752949d14,Selle Sterley,ssterley50@rambler.ru,wH6'1v8jSzV~G&x(,Intern,false,"[""6610e8eee10537e8c57ab14f""]"
6610e330e10537e752949d15,Kinsley Joire,kjoire51@state.gov,oV0*I.g|X,Employee,false,"[""6610e8eee10537e841ea2b49"",""6610e8eee10537e770365f95""]"
6610e330e10537e752949d16,Jannelle Waiton,jwaiton52@amazon.co.uk,lJ1`1+cp@,Employee,true,[]
6610e330e10537e752949d17,Rancell Di Giacomettino,rdi53@businesswire.com,"hM8""pQJaK49",Employee,false,"[""6610e8eee10537e71b41a7f1"",""6610e8eee10537e83cb671de"",""6610e8eee10537e7916b9f41"",""6610e8eee10537e7c285591e"",""6610e8eee10537e8928bbcf1""]"
6610e330e10537e752949d18,Addison Graine,agraine54@tinypic.com,fK5/z_Pl{eu#|u,Employee,false,"[""6610e8eee10537e8a3bceef4"",""6610e8eee10537e83e6ca272""]"
6610e330e10537e752949d19,Romain Stirland,rstirland55@reference.com,zM6?Aq&}jB%U,Intern,true,[]
6610e330e10537e752949d1a,Mufi Spaducci,mspaducci56@umich.edu,"dQ9,ma5)R",Intern,false,[]
6610e330e10537e752949d1b,Hendrika Jaslem,hjaslem57@ocn.ne.jp,"nY2\vDx1`t""UJ0",Intern,true,"[""6610e8eee10537e85f4fe21b"",""6610e8eee10537e8b1b75d77"",""6610e8eee10537e7c5210138""]"
6610e330e10537e752949d1c,Fidelia Crangle,fcrangle58@github.com,hN9)u9STk\,Intern,false,"[""6610e8eee10537e6c405f5c5""]"
6610e330e10537e6d7ef0f85,Buck Ogborn,bogborn59@yolasite.com,nS3~1hyj,Employee,true,"[""6610e8eee10537e770365f95""]"
6610e330e10537e6d7ef0f86,Ewen Chilton,echilton5a@linkedin.com,pG5!VP{deNuHZQk,Intern,false,"[""6610e8eee10537e6c405f5c5"",""6610e8eee10537e85f4fe21b"",""6610e8eee10537e83e6ca272"",""6610e8eee10537e7c285591e"",""6610e8eee10537e8a3bceef4""]"
6610e330e10537e6d7ef0f87,Jacqueline Neate,jneate5b@blogger.com,eB1(RU\.c{,Employee,false,"[""6610e8eee10537e83cb671de"",""6610e8eee10537e8928bbcf1""]"
6610e330e10537e6d7ef0f88,Sharline Jovanovic,sjovanovic5c@liveinternet.ru,lE0&O/XkJC4AU.,Employee,true,"[""6610e8eee10537e8b1b75d77"",""6610e8eee10537e841ea2b49"",""6610e8eee10537e8c57ab14f"",""6610e8eee10537e7916b9f41""]"
6610e330e10537e6d7ef0f89,Giraldo Lake,glake5d@nbcnews.com,rA1>2#Dc>*vT!Ct\,Employee,true,[]
6610e330e10537e6d7ef0f8a,Zahara Descroix,zdescroix5e@nba.com,tT3\8@1zL3t1bH{,Employee,false,"[""6610e8eee10537e70a8169f0"",""6610e8eee10537e71b41a7f1""]"
6610e330e10537e6d7ef0f8b,Inger Lehmann,ilehmann5f@gnu.org,"mQ6#.V$F,6!u60",Intern,false,"[""6610e8eee10537e7c5210138"",""6610e8eee10537e8c57ab14f"",""6610e8eee10537e841ea2b49""]"
6610e330e10537e6d7ef0f8c,Mattheus Mansion,mmansion5g@themeforest.net,pE5(HQ7HD.c1,Employee,true,[]
6610e330e10537e6d7ef0f8d,Cicely Fogarty,cfogarty5h@tamu.edu,nR4*!4XDm@iJ/m,Employee,false,"[""6610e8eee10537e71b41a7f1""]"
6610e330e10537e6dda6c983,Norry Torrijos,ntorrijos5i@businessinsider.com,"zH2=X{LTe|n$_,",Employee,false,[]
6610e330e10537e6dda6c984,Galvan Henmarsh,ghenmarsh5j@tinyurl.com,uB9@bYa(W0I`_},Intern,true,"[""6610e8eee10537e7916b9f41"",""6610e8eee10537e8b1b75d77"",""6610e8eee10537e8a3bceef4"",""6610e8eee10537e70a8169f0""]"
6610e330e10537e6dda6c985,Luke Nelthrop,lnelthrop5k@xing.com,xD0\E6>jmT?O9#1,Employee,false,"[""6610e8eee10537e83cb671de"",""6610e8eee10537e85f4fe21b""]"
6610e330e10537e6dda6c986,Rhea Harome,rharome5l@lycos.com,cV1<qM)4(+q,Intern,false,[]
6610e330e10537e6dda6c987,Zacharia Vennart,zvennart5m@linkedin.com,cX5}e)_J0,Employee,false,"[""6610e8eee10537e8c57ab14f""]"
6610e330e10537e6dda6c988,Von Spragge,vspragge5n@comsenz.com,qD3.fhvvQ,Intern,true,"[""6610e8eee10537e7c5210138"",""6610e8eee10537e841ea2b49"",""6610e8eee10537e8928bbcf1""]"
6610e330e10537e6dda6c989,Jacintha Bleue,jbleue5o@china.com.cn,"bX2$wk'V,@YN!Rfo",Intern,true,[]
6610e330e10537e6dda6c98a,Darcie Charsley,dcharsley5p@is.gd,xI1@Du.eow,Employee,true,"[""6610e8eee10537e71b41a7f1"",""6610e8eee10537e7c285591e"",""6610e8eee10537e83e6ca272""]"
6610e330e10537e6dda6c98b,Jacintha Saltern,jsaltern5q@lulu.com,iI2$}G8},Intern,false,"[""6610e8eee10537e6c405f5c5"",""6610e8eee10537e770365f95"",""6610e8eee10537e8a3bceef4""]"
6610e330e10537e7714b1da2,Stacee Edwick,sedwick5r@symantec.com,zU0?K*r.S,Intern,false,"[""6610e8eee10537e8c57ab14f"",""6610e8eee10537e7c285591e"",""6610e8eee10537e8b1b75d77"",""6610e8eee10537e7c5210138""]"
6610e330e10537e7714b1da3,Steffie Harvey,sharvey5s@jalbum.net,"iN7&H""39Z",Intern,true,"[""6610e8eee10537e7916b9f41"",""6610e8eee10537e83e6ca272""]"
6610e330e10537e7714b1da4,Devondra Heams,dheams5t@topsy.com,"gO3$n8h&,",Intern,false,"[""6610e8eee10537e6c405f5c5""]"
6610e330e10537e7714b1da5,Jaclin Beazey,jbeazey5u@house.gov,"dL7,vM*b's",Intern,false,"[""6610e8eee10537e83cb671de"",""6610e8eee10537e85f4fe21b""]"
6610e330e10537e7714b1da6,Nataline Shorton,nshorton5v@dell.com,vV7_rl~8Pu*(p,Employee,false,[]
6610e330e10537e7714b1da7,Cassandre Petican,cpetican5w@cyberchimps.com,pO6#Uv}SlcDp,Intern,false,"[""6610e8eee10537e8a3bceef4"",""6610e8eee10537e841ea2b49"",""6610e8eee10537e70a8169f0""]"
6610e330e10537e7714b1da8,Jillane Dowtry,jdowtry5x@myspace.com,uU1`1#<&_9,Employee,false,"[""6610e8eee10537e8928bbcf1"",""6610e8eee10537e71b41a7f1"",""6610e8eee10537e770365f95"",""6610e8eee10537e770365f95""]"
6610e330e10537e7714b1da9,Drucill Brendeke,dbrendeke5y@eventbrite.com,xF4+>MRww.UBI8V,Intern,false,"[""6610e8eee10537e85f4fe21b"",""6610e8eee10537e6c405f5c5"",""6610e8eee10537e7916b9f41"",""6610e8eee10537e7c5210138""]"
6610e330e10537e7714b1daa,Fletcher Phillip,fphillip5z@mtv.com,jB2%TfK$!B?+j(,Employee,false,"[""6610e8eee10537e83e6ca272"",""6610e8eee10537e83cb671de"",""6610e8eee10537e70a8169f0"",""6610e8eee10537e8928bbcf1"",""6610e8eee10537e7c285591e""]"
6610e330e10537e72c30fed5,Devland Ivermee,divermee60@ask.com,"wV4""H2N<9>",Employee,false,"[""6610e8eee10537e8928bbcf1"",""6610e8eee10537e85f4fe21b"",""6610e8eee10537e7c5210138"",""6610e8eee10537e7c285591e"",""6610e8eee10537e83cb671de""]"
6610e330e10537e72c30fed6,Barbara-anne Atkinson,batkinson61@prweb.com,iI4#mN.KS,Intern,false,"[""6610e8eee10537e8c57ab14f"",""6610e8eee10537e770365f95"",""6610e8eee10537e70a8169f0"",""6610e8eee10537e83e6ca272""]"
6610e330e10537e72c30fed7,Ricoriki Antonsson,rantonsson62@nydailynews.com,"mX6""zOXl_",Employee,true,"[""6610e8eee10537e71b41a7f1"",""6610e8eee10537e8a3bceef4"",""6610e8eee10537e8b1b75d77"",""6610e8eee10537e7916b9f41"",""6610e8eee10537e841ea2b49""]"
6610e330e10537e72c30fed8,Goldia McKenney,gmckenney63@nifty.com,jN9&#0o86MpV!L,Employee,false,"[""6610e8eee10537e6c405f5c5"",""6610e8eee10537e71b41a7f1"",""6610e8eee10537e8c57ab14f"",""6610e8eee10537e7c5210138"",""6610e8eee10537e85f4fe21b""]"
6610e330e10537e72c30fed9,Glenine Dash,gdash64@icio.us,sU2?%C4VV,Employee,false,"[""6610e8eee10537e83e6ca272"",""6610e8eee10537e770365f95"",""6610e8eee10537e6c405f5c5"",""6610e8eee10537e7916b9f41""]"
6610e330e10537e72c30feda,Denis Serchwell,dserchwell65@phpbb.com,sD1|w6}mr%bom%K3,Employee,false,"[""6610e8eee10537e70a8169f0"",""6610e8eee10537e8b1b75d77""]"
6610e330e10537e72c30fedb,Nanon McGahy,nmcgahy66@diigo.com,"tX8{K5V4BC#=\nx""",Intern,false,"[""6610e8eee10537e83cb671de"",""6610e8eee10537e8928bbcf1""]"
6610e330e10537e72c30fedc,Sauveur Emson,semson67@mediafire.com,iL5$!ESIOJ(n,Intern,false,[]
6610e330e10537e72c30fedd,Caprice Bethel,cbethel68@wired.com,vD1%K.0yE,Intern,false,"[""6610e8eee10537e7c285591e"",""6610e8eee10537e8a3bceef4"",""6610e8eee10537e841ea2b49"",""6610e8eee10537e7c5210138""]"
6610e330e10537e6f9e783b8,Brock Cutmere,bcutmere69@ameblo.jp,zK8?|=0Jtq~R,Employee,true,"[""6610e8eee10537e8b1b75d77""]"
6610e330e10537e6f9e783b9,Violante Bodle,vbodle6a@plala.or.jp,nX9_O75!Q+sxiwhQ,Employee,true,"[""6610e8eee10537e770365f95"",""6610e8eee10537e70a8169f0"",""6610e8eee10537e6c405f5c5""]"
6610e330e10537e6f9e783ba,Lamond Sinfield,lsinfield6b@livejournal.com,qN8_@?ELYPr~x,Employee,false,"[""6610e8eee10537e7c285591e"",""6610e8eee10537e7c5210138""]"
6610e330e10537e6f9e783bb,Ari Blackborn,ablackborn6c@creativecommons.org,fV0|XyRCu,Employee,false,"[""6610e8eee10537e8928bbcf1""]"
6610e330e10537e6f9e783bc,Fleur Comley,fcomley6d@plala.or.jp,yC2|EzJw>F{,Intern,false,"[""6610e8eee10537e71b41a7f1"",""6610e8eee10537e83e6ca272"",""6610e8eee10537e7916b9f41"",""6610e8eee10537e8c57ab14f"",""6610e8eee10537e841ea2b49""]"
6610e330e10537e6f9e783bd,Tally Burne,tburne6e@cbsnews.com,yC8=g*Oav71u,Employee,true,"[""6610e8eee10537e83cb671de"",""6610e8eee10537e8a3bceef4"",""6610e8eee10537e85f4fe21b"",""6610e8eee10537e7916b9f41"",""6610e8eee10537e6c405f5c5""]"
6610e330e10537e6f9e783be,Anabel Clowes,aclowes6f@multiply.com,fN6`Fp6Tj8u,Employee,true,[]
6610e330e10537e6f9e783bf,Coriss Geraldez,cgeraldez6g@mapy.cz,cG8>h$#_hmU,Intern,false,"[""6610e8eee10537e841ea2b49"",""6610e8eee10537e8928bbcf1""]"
6610e330e10537e6f9e783c0,April O'Rudden,aorudden6h@businessweek.com,gI9=kv(h8fY&{,Employee,true,"[""6610e8eee10537e85f4fe21b"",""6610e8eee10537e71b41a7f1"",""6610e8eee10537e770365f95""]"
6610e330e10537e80985c158,Frasier Suermeier,fsuermeier6i@tripod.com,"sK3,7w,?P$mKG",Intern,true,"[""6610e8eee10537e7916b9f41"",""6610e8eee10537e8a3bceef4"",""6610e8eee10537e8c57ab14f"",""6610e8eee10537e770365f95"",""6610e8eee10537e71b41a7f1""]"
6610e330e10537e80985c159,Constantine Waugh,cwaugh6j@goodreads.com,"sF1@'2fVZ8""a",Intern,false,"[""6610e8eee10537e83cb671de"",""6610e8eee10537e7c5210138"",""6610e8eee10537e83e6ca272""]"
6610e330e10537e80985c15a,Vittorio Hoodlass,vhoodlass6k@hp.com,kT4/r2eZH$z,Intern,true,"[""6610e8eee10537e841ea2b49"",""6610e8eee10537e85f4fe21b"",""6610e8eee10537e8b1b75d77"",""6610e8eee10537e70a8169f0""]"
6610e330e10537e80985c15b,Therese Blackway,tblackway6l@dailymail.co.uk,"yS1`'%,Euq6|$Ee",Intern,true,"[""6610e8eee10537e6c405f5c5"",""6610e8eee10537e8928bbcf1"",""6610e8eee10537e7c285591e"",""6610e8eee10537e7c285591e""]"
6610e330e10537e80985c15c,Marcel Mahoney,mmahoney6m@last.fm,"iD0{6H,T",Intern,true,"[""6610e8eee10537e71b41a7f1"",""6610e8eee10537e841ea2b49"",""6610e8eee10537e6c405f5c5"",""6610e8eee10537e770365f95"",""6610e8eee10537e8b1b75d77""]"
6610e330e10537e80985c15d,Dolores Dainton,ddainton6n@hao123.com,yG2\?e'*JWkO%Gu.,Employee,true,"[""6610e8eee10537e8928bbcf1"",""6610e8eee10537e85f4fe21b"",""6610e8eee10537e8a3bceef4""]"
6610e330e10537e80985c15e,Mason Yokel,myokel6o@blinklist.com,lL6|URd&XK,Employee,true,"[""6610e8eee10537e7916b9f41"",""6610e8eee10537e70a8169f0"",""6610e8eee10537e83cb671de"",""6610e8eee10537e8c57ab14f"",""6610e8eee10537e83e6ca272""]"
6610e330e10537e80985c15f,Ambrose Toma,atoma6p@independent.co.uk,mT8{i78T,Intern,true,"[""6610e8eee10537e7c5210138""]"
6610e330e10537e80985c160,Ulrich Hoyle,uhoyle6q@guardian.co.uk,zV0<fs$te<X~c#RB,Intern,false,"[""6610e8eee10537e83cb671de"",""6610e8eee10537e841ea2b49"",""6610e8eee10537e7c285591e"",""6610e8eee10537e70a8169f0"",""6610e8eee10537e8b1b75d77""]"
6610e330e10537e73df51e6f,Anna-maria Bray,abray6r@yale.edu,nK8@I2x)%&,Employee,false,"[""6610e8eee10537e7916b9f41"",""6610e8eee10537e8b1b75d77"",""6610e8eee10537e8928bbcf1"",""6610e8eee10537e71b41a7f1""]"
6610e330e10537e73df51e70,Fiann Pawelec,fpawelec6s@psu.edu,nA9.54++d}N%/@&,Employee,false,"[""6610e8eee10537e6c405f5c5"",""6610e8eee10537e83cb671de"",""6610e8eee10537e770365f95""]"
6610e330e10537e73df51e71,Dinny Van Giffen,dvan6t@sfgate.com,dI9$qcT/,Intern,false,"[""6610e8eee10537e85f4fe21b"",""6610e8eee10537e841ea2b49"",""6610e8eee10537e7c285591e""]"
6610e330e10537e73df51e72,Sasha Collopy,scollopy6u@google.de,fR6>BkWaur,Intern,false,"[""6610e8eee10537e7c5210138""]"
6610e330e10537e73df51e73,Pauli Fadell,pfadell6v@intel.com,hX8<OONamS,Employee,false,"[""6610e8eee10537e8a3bceef4"",""6610e8eee10537e70a8169f0"",""6610e8eee10537e83e6ca272"",""6610e8eee10537e8c57ab14f"",""6610e8eee10537e83cb671de""]"
6610e330e10537e73df51e74,Clara McPhelimy,cmcphelimy6w@businessinsider.com,zY9}6VGLhK'IR,Intern,true,"[""6610e8eee10537e8928bbcf1"",""6610e8eee10537e841ea2b49"",""6610e8eee10537e6c405f5c5""]"
6610e330e10537e73df51e75,Cissiee Bubear,cbubear6x@sun.com,gH4/%>#Mfpg>uNo.,Employee,true,"[""6610e8eee10537e85f4fe21b""]"
6610e330e10537e73df51e76,Thom Cubley,tcubley6y@mashable.com,hL6+\z$+ci,Intern,true,"[""6610e8eee10537e83e6ca272"",""6610e8eee10537e8b1b75d77""]"
6610e330e10537e73df51e77,Theresita Lasty,tlasty6z@51.la,tB0=>Lk3jzzA,Employee,true,"[""6610e8eee10537e7916b9f41"",""6610e8eee10537e71b41a7f1"",""6610e8eee10537e70a8169f0"",""6610e8eee10537e8a3bceef4""]"
6610e330e10537e7a3c97045,Claudell Bartaletti,cbartaletti70@epa.gov,uS7~+XFNt9d|w=q,Intern,false,[]
6610e330e10537e7a3c97046,Tawsha Linacre,tlinacre71@technorati.com,zE8+@wm#5PE&7,Intern,true,"[""6610e8eee10537e770365f95"",""6610e8eee10537e71b41a7f1"",""6610e8eee10537e85f4fe21b""]"
6610e330e10537e7a3c97047,Ivie Verdey,iverdey72@nps.gov,iO7~GhVU!G`Ds7'_,Employee,false,"[""6610e8eee10537e8928bbcf1"",""6610e8eee10537e7c285591e""]"
6610e330e10537e7a3c97048,Vanya Dussy,vdussy73@weather.com,bB7~(E3@6&1,Employee,true,"[""6610e8eee10537e841ea2b49"",""6610e8eee10537e83cb671de"",""6610e8eee10537e7916b9f41""]"
6610e330e10537e7a3c97049,Hyacintha Francello,hfrancello74@whitehouse.gov,tH4>tzCh(z,Employee,true,"[""6610e8eee10537e8b1b75d77"",""6610e8eee10537e8a3bceef4""]"
6610e330e10537e7a3c9704a,Maegan Arro,marro75@icio.us,uS8@ew114,Employee,true,"[""6610e8eee10537e83e6ca272""]"
6610e330e10537e7a3c9704b,Katherina Albone,kalbone76@bravesites.com,vY6(=dNARn,Intern,false,[]
6610e330e10537e7a3c9704c,Vick Gipp,vgipp77@photobucket.com,"xR5,UX4Cu",Intern,true,"[""6610e8eee10537e7c5210138"",""6610e8eee10537e70a8169f0"",""6610e8eee10537e6c405f5c5"",""6610e8eee10537e8c57ab14f""]"
6610e330e10537e7a3c9704d,Chucho Randle,crandle78@bbb.org,zL2=Z'va,Employee,true,"[""6610e8eee10537e83cb671de""]"
6610e330e10537e7e7de045f,Euphemia Salaman,esalaman79@csmonitor.com,sL1@1m(N,Employee,false,"[""6610e8eee10537e841ea2b49"",""6610e8eee10537e6c405f5c5""]"
6610e330e10537e7e7de0460,Niven Dempsey,ndempsey7a@merriam-webster.com,tP4!3i#S7.|o$20,Employee,true,"[""6610e8eee10537e83cb671de""]"
6610e330e10537e7e7de0461,Etti Linch,elinch7b@loc.gov,rX1_2WA|siV>,Intern,false,"[""6610e8eee10537e83e6ca272"",""6610e8eee10537e8a3bceef4""]"
6610e330e10537e7e7de0462,Leisha Squire,lsquire7c@wordpress.com,pA0$cm%},Intern,false,"[""6610e8eee10537e8928bbcf1"",""6610e8eee10537e70a8169f0"",""6610e8eee10537e8c57ab14f"",""6610e8eee10537e85f4fe21b"",""6610e8eee10537e7c5210138""]"
6610e330e10537e7e7de0463,Jonas Worsfield,jworsfield7d@npr.org,"tT9&,%b$M_6""u+Jh",Employee,false,"[""6610e8eee10537e7c285591e"",""6610e8eee10537e7916b9f41"",""6610e8eee10537e8b1b75d77"",""6610e8eee10537e770365f95"",""6610e8eee10537e71b41a7f1""]"
6610e330e10537e7e7de0464,Hendrika Gullen,hgullen7e@zdnet.com,oT7@0?ePxT.,Employee,false,[]
6610e330e10537e7e7de0465,Cordy Monteaux,cmonteaux7f@themeforest.net,qA8+K~di>F)4/E<d,Intern,true,"[""6610e8eee10537e8b1b75d77"",""6610e8eee10537e71b41a7f1"",""6610e8eee10537e7916b9f41"",""6610e8eee10537e7c5210138"",""6610e8eee10537e83cb671de""]"
6610e330e10537e7e7de0466,Desi Whieldon,dwhieldon7g@businessinsider.com,kG9{dD7.a,Intern,false,"[""6610e8eee10537e841ea2b49"",""6610e8eee10537e8928bbcf1"",""6610e8eee10537e8c57ab14f""]"
6610e330e10537e7e7de0467,Kania Usherwood,kusherwood7h@epa.gov,lZ1')G_/4P4Idf?_,Employee,true,[]
6610e335e10537e740772aa1,Gigi Matteacci,gmatteacci7i@telegraph.co.uk,aR4}\fW8,Intern,false,"[""6610e8eee10537e8a3bceef4"",""6610e8eee10537e770365f95"",""6610e8eee10537e8928bbcf1"",""6610e8eee10537e8c57ab14f"",""6610e8eee10537e83cb671de""]"
6610e335e10537e740772aa2,Burg Dekeyser,bdekeyser7j@phoca.cz,"aE6?U},X'U)w\ry",Intern,true,[]
6610e335e10537e740772aa3,Clive Tommen,ctommen7k@answers.com,lS5|'pXOQ}q4,Intern,true,"[""6610e8eee10537e83e6ca272"",""6610e8eee10537e85f4fe21b"",""6610e8eee10537e6c405f5c5"",""6610e8eee10537e841ea2b49"",""6610e8eee10537e8b1b75d77""]"
6610e335e10537e740772aa4,Eddie Barlee,ebarlee7l@hatena.ne.jp,"cZ5"".p(ci+w6'35~",Employee,false,"[""6610e8eee10537e70a8169f0"",""6610e8eee10537e7c5210138"",""6610e8eee10537e7c285591e"",""6610e8eee10537e7916b9f41"",""6610e8eee10537e71b41a7f1""]"
6610e335e10537e740772aa5,Kylie Morphew,kmorphew7m@dell.com,aQ5\G||~.,Intern,false,[]
6610e335e10537e740772aa6,Reginald Mixon,rmixon7n@domainmarket.com,fW4=D5rvHB,Employee,false,"[""6610e8eee10537e83cb671de"",""6610e8eee10537e7c5210138"",""6610e8eee10537e7c285591e""]"
6610e335e10537e740772aa7,Anne Batstone,abatstone7o@rakuten.co.jp,eH7!h<251_gs,Intern,true,[]
6610e335e10537e740772aa8,Brander Stroder,bstroder7p@admin.ch,"hW4""9DH+eZewiK65",Intern,true,"[""6610e8eee10537e7916b9f41"",""6610e8eee10537e770365f95"",""6610e8eee10537e6c405f5c5""]"
6610e335e10537e740772aa9,Stillmann Faircliff,sfaircliff7q@technorati.com,dJ6}yML&`QNGz,Intern,false,"[""6610e8eee10537e83e6ca272"",""6610e8eee10537e8a3bceef4"",""6610e8eee10537e71b41a7f1""]"
6610e335e10537e8d6b75b13,Bekki Gildersleeve,bgildersleeve7r@wikia.com,mT0!8i(+jfNMN35\,Intern,false,[]
6610e335e10537e8d6b75b14,Rhys Dast,rdast7s@lulu.com,wN7/5\DXcT{QOxd,Intern,false,"[""6610e8eee10537e6c405f5c5"",""6610e8eee10537e8a3bceef4"",""6610e8eee10537e8c57ab14f""]"
6610e335e10537e8d6b75b15,Shelia Cassell,scassell7t@unesco.org,yK9\/ZgYV,Employee,true,"[""6610e8eee10537e70a8169f0"",""6610e8eee10537e7916b9f41""]"
6610e335e10537e8d6b75b16,Delphinia Kilgallon,dkilgallon7u@unesco.org,"oO7"")B!wu",Intern,false,"[""6610e8eee10537e83e6ca272"",""6610e8eee10537e83cb671de"",""6610e8eee10537e7c5210138"",""6610e8eee10537e85f4fe21b"",""6610e8eee10537e8b1b75d77""]"
6610e335e10537e8d6b75b17,Kermit Sheraton,ksheraton7v@about.me,nO5@{&of$xl,Intern,false,"[""6610e8eee10537e770365f95"",""6610e8eee10537e7c285591e""]"
6610e335e10537e8d6b75b18,Griffie Dockery,gdockery7w@hud.gov,cS5_vr+l@,Intern,true,[]
6610e335e10537e8d6b75b19,Belicia Crown,bcrown7x@indiegogo.com,"cJ9%$z,&`G1",Employee,false,[]
6610e335e10537e8d6b75b1a,Wilma Callaghan,wcallaghan7y@merriam-webster.com,oB9'a/_GR>,Employee,false,"[""6610e8eee10537e841ea2b49"",""6610e8eee10537e71b41a7f1"",""6610e8eee10537e8928bbcf1"",""6610e8eee10537e7916b9f41""]"
6610e335e10537e8d6b75b1b,Hedvig Start,hstart7z@latimes.com,tF2<v~VFT,Employee,false,"[""6610e8eee10537e85f4fe21b"",""6610e8eee10537e770365f95"",""6610e8eee10537e8a3bceef4"",""6610e8eee10537e83cb671de""]"
6610e335e10537e8d6b75b1c,Rosella Maffioni,rmaffioni80@globo.com,cS0!tdSmus,Intern,true,"[""6610e8eee10537e7c285591e"",""6610e8eee10537e83e6ca272""]"
6610e335e10537e8d6b75b1d,Beilul Buey,bbuey81@booking.com,pQ0(R6Zmj#8Iy),Employee,false,[]
6610e335e10537e8d6b75b1e,Dode Kneller,dkneller82@ycombinator.com,rW8?j\uIg,Intern,false,"[""6610e8eee10537e6c405f5c5"",""6610e8eee10537e8b1b75d77"",""6610e8eee10537e71b41a7f1"",""6610e8eee10537e7c5210138"",""6610e8eee10537e70a8169f0""]"
6610e335e10537e8d6b75b1f,Lind Veldstra,lveldstra83@so-net.ne.jp,eK6*d05>=7`(,Intern,true,[]
6610e335e10537e8d6b75b20,Esme Levison,elevison84@alibaba.com,"bN8,Hs0oa7o3CN\",Employee,true,"[""6610e8eee10537e8928bbcf1""]"
6610e335e10537e8d6b75b21,Vidovik Barracks,vbarracks85@answers.com,"aQ1=HE.M&x,~J!uU",Intern,false,"[""6610e8eee10537e841ea2b49"",""6610e8eee10537e8c57ab14f"",""6610e8eee10537e8b1b75d77"",""6610e8eee10537e85f4fe21b"",""6610e8eee10537e7c285591e""]"
6610e335e10537e8d6b75b22,Massimo Lambarton,mlambarton86@dmoz.org,fB5~\r4c0~,Intern,false,[]
6610e335e10537e8d6b75b23,Adora Lorkin,alorkin87@domainmarket.com,"sW8'g""A+",Intern,false,"[""6610e8eee10537e7916b9f41"",""6610e8eee10537e6c405f5c5"",""6610e8eee10537e83e6ca272"",""6610e8eee10537e70a8169f0""]"
6610e335e10537e8d6b75b24,Purcell Glendzer,pglendzer88@ocn.ne.jp,zT0(g()Y,Employee,true,"[""6610e8eee10537e8a3bceef4"",""6610e8eee10537e71b41a7f1"",""6610e8eee10537e770365f95"",""6610e8eee10537e83cb671de"",""6610e8eee10537e841ea2b49""]"
6610e335e10537e8d6b75b25,Phineas Cordier,pcordier89@hc360.com,rR9(da/X,Intern,false,"[""6610e8eee10537e7c5210138""]"
6610e335e10537e8d6b75b26,Monti Giraudou,mgiraudou8a@tamu.edu,nN4~Fn2r*m3XC`&,Intern,true,"[""6610e8eee10537e8928bbcf1"",""6610e8eee10537e8c57ab14f"",""6610e8eee10537e8a3bceef4"",""6610e8eee10537e7c285591e"",""6610e8eee10537e8b1b75d77""]"
6610e335e10537e8d6b75b27,Fiona Kulas,fkulas8b@dmoz.org,"yR8)U\""')b%+`X",Employee,false,"[""6610e8eee10537e8928bbcf1"",""6610e8eee10537e7c5210138""]"
